-- remove any example data inserted by the changelogs
DELETE FROM HISTORICAL_SECURITY_PRICE_CONFIG;
DELETE FROM HISTORICAL_SECURITY_PRICE_MARKET_CLOSE_TIME;
DELETE FROM HISTORICAL_SECURITY_PRICE_DATA_SOURCE_CURRENCY_MAPPING;
DELETE FROM HISTORICAL_SECURITY_PRICE_DATA_SOURCE_URL;
DELETE FROM HISTORICAL_SECURITY_PRICE_DATA_SOURCE_REQUEST_HEADER;
DELETE FROM HISTORICAL_SECURITY_PRICE_DATA_SOURCE;
DELETE FROM SECURITY_GROUP_SECURITY;
DELETE FROM SECURITY_GROUP;
DELETE FROM SECURITY_SYMBOL;
DELETE FROM SECURITY;

INSERT INTO SERVER_CONFIGURATION (CONFIG_KEY, CONFIG_VALUE, CREATED_AT, UPDATED_AT)
VALUES ('dev-mode.active', 'true', CURRENT_TIMESTAMP, CURRENT_TIMESTAMP);

INSERT INTO CLIENT_CONFIGURATION (CLIENT_ID, CONFIG_KEY, CONFIG_VALUE, CREATED_AT, UPDATED_AT)
VALUES('some-client', 'some-key', '123', CURRENT_TIMESTAMP, CURRENT_TIMESTAMP),
      ('some-client', 'some-other-key', 'abc', CURRENT_TIMESTAMP, CURRENT_TIMESTAMP),
      ('some-other-client', 'some-key', '456', CURRENT_TIMESTAMP, CURRENT_TIMESTAMP),
      ('prefix-client', 'prefix1.foo', 'abc', CURRENT_TIMESTAMP, CURRENT_TIMESTAMP),
      ('prefix-client', 'prefix1.bar', 'def', CURRENT_TIMESTAMP, CURRENT_TIMESTAMP),
      ('prefix-client', 'prefix2.foo', '123', CURRENT_TIMESTAMP, CURRENT_TIMESTAMP),
      ('prefix-client', 'prefix2.bar', '456', CURRENT_TIMESTAMP, CURRENT_TIMESTAMP),
      ('prefix-client', 'prefix2.baz', '789', CURRENT_TIMESTAMP, CURRENT_TIMESTAMP);

INSERT INTO SECURITY (ID, NAME, ISIN, WKN, SECTOR, SECURITY_TYPE, CREATED_AT, UPDATED_AT, VERSION)
VALUES (1, 'Microsoft', 'US5949181045', '870747', 'Technology', 'STOCK', CURRENT_TIMESTAMP, CURRENT_TIMESTAMP, 1),
       (2, 'Apple', 'US0378331005', '865985', 'Technology', 'STOCK', CURRENT_TIMESTAMP, CURRENT_TIMESTAMP, 0),
       (3, 'Hensoldt', 'DE000HAG0005', 'HAG000', 'Industry', 'STOCK', CURRENT_TIMESTAMP, CURRENT_TIMESTAMP, 0),
       (4, 'Vanguard FTSE All-World High Dividend Yield UCITS DIST', 'IE00B8GKDB10', 'A1T8FV', null, 'ETF', CURRENT_TIMESTAMP, CURRENT_TIMESTAMP, 0),
       (5, 'ASML', 'NL0010273215', null, null, 'STOCK', CURRENT_TIMESTAMP, CURRENT_TIMESTAMP, 0),
       (6, 'Meta', 'US30303M1027', null, 'Technology', 'STOCK', CURRENT_TIMESTAMP, CURRENT_TIMESTAMP, 0),
       (7, 'Nvidia', 'US67066G1040', '918422', 'Technology', 'STOCK', CURRENT_TIMESTAMP, CURRENT_TIMESTAMP, 0),
       (8, 'Danaher', 'US2358511028', '866197', 'Health', 'STOCK', CURRENT_TIMESTAMP, CURRENT_TIMESTAMP, 0),
       (9, 'Alphabet A', 'US02079K3059', 'A14Y6F', 'Technology', 'STOCK', CURRENT_TIMESTAMP, CURRENT_TIMESTAMP, 0),
       (10, 'Alphabet C', 'US02079K1079', 'A14Y6H', 'Technology', 'STOCK', CURRENT_TIMESTAMP, CURRENT_TIMESTAMP, 0),
       (11, 'Thermo Fisher', 'US8835561023', '857209', 'Health', 'STOCK', CURRENT_TIMESTAMP, CURRENT_TIMESTAMP, 0),
       (12, 'Salesforce', 'US79466L3024', 'A0B87V', 'Technology', 'STOCK', CURRENT_TIMESTAMP, CURRENT_TIMESTAMP, 0),
       (13, 'Amazon', 'US0231351067', '906866', 'Technology', 'STOCK', CURRENT_TIMESTAMP, CURRENT_TIMESTAMP, 0),
       (14, 'S&P Global', 'US78409V1044', 'A2AHZ7', 'Financials', 'STOCK', CURRENT_TIMESTAMP, CURRENT_TIMESTAMP, 0),
       (15, 'Adobe', 'US00724F1012', '871981', 'Technology', 'STOCK', CURRENT_TIMESTAMP, CURRENT_TIMESTAMP, 0),
       (16, 'Hermès', 'FR0000052292', '886670', 'Luxury', 'STOCK', CURRENT_TIMESTAMP, CURRENT_TIMESTAMP, 0),
       (17, 'AMD', 'US0079031078', '863186', 'Technology', 'STOCK', CURRENT_TIMESTAMP, CURRENT_TIMESTAMP, 0),
       (18, 'Main Street Capital', 'US56035L1044', 'A0X8Y3', 'Financials', 'STOCK', CURRENT_TIMESTAMP, CURRENT_TIMESTAMP, 0),
       (19, 'Equinix', 'US29444U7000', 'A14M21', 'Real Estate', 'STOCK', CURRENT_TIMESTAMP, CURRENT_TIMESTAMP, 0),
       (20, 'Block', 'US8522341036', 'A143D6', 'Financials', 'STOCK', CURRENT_TIMESTAMP, CURRENT_TIMESTAMP, 0),
       (21, 'Airbus', 'NL0000235190', '938914', 'Industry', 'STOCK', CURRENT_TIMESTAMP, CURRENT_TIMESTAMP, 0),
       (22, 'Pfizer', 'US7170811035', '852009', 'Health', 'STOCK', CURRENT_TIMESTAMP, CURRENT_TIMESTAMP, 0),
       (23, 'Qualcomm', 'US7475251036', '883121', 'Technology', 'STOCK', CURRENT_TIMESTAMP, CURRENT_TIMESTAMP, 0),
       (24, 'Pinterest', 'US72352L1061', 'A2PGMG', 'Technology', 'STOCK', CURRENT_TIMESTAMP, CURRENT_TIMESTAMP, 0),
       (25, 'PTC', 'US69370C1009', 'A1H9GN', 'Technology', 'STOCK', CURRENT_TIMESTAMP, CURRENT_TIMESTAMP, 0),
       (26, 'Nintendo', 'JP3756600007', '864009', 'Entertainment', 'STOCK', CURRENT_TIMESTAMP, CURRENT_TIMESTAMP, 0),
       (27, 'Lockheed Martin', 'US5398301094', '894648', 'Industry', 'STOCK', CURRENT_TIMESTAMP, CURRENT_TIMESTAMP, 0),
       (28, 'LVMH', 'FR0000121014', '853292', 'Luxury', 'STOCK', CURRENT_TIMESTAMP, CURRENT_TIMESTAMP, 0),
       (29, 'Mynaric', 'DE000A31C305', 'A31C30', 'Industry', 'STOCK', CURRENT_TIMESTAMP, CURRENT_TIMESTAMP, 0),
       (30, 'American Tower', 'US03027X1000', 'A1JRLA', 'Real Estate', 'STOCK', CURRENT_TIMESTAMP, CURRENT_TIMESTAMP, 0),
       (31, 'Digital Realty', 'US2538681030', 'A0DLFT', 'Real Estate', 'STOCK', CURRENT_TIMESTAMP, CURRENT_TIMESTAMP, 0),
       (32, 'Gladstone Land', 'US3765491010', 'A1KCL7', 'Real Estate', 'STOCK', CURRENT_TIMESTAMP, CURRENT_TIMESTAMP, 0),
       (33, 'LTC Properties', 'US5021751020', '884625', 'Real Estate', 'STOCK', CURRENT_TIMESTAMP, CURRENT_TIMESTAMP, 0),
       (34, 'Omega Healthcare', 'US6819361006', '890454', 'Real Estate', 'STOCK', CURRENT_TIMESTAMP, CURRENT_TIMESTAMP, 0),
       (35, 'Orion Office', 'US68629Y1038', 'A3C684', 'Real Estate', 'STOCK', CURRENT_TIMESTAMP, CURRENT_TIMESTAMP, 0),
       (36, 'Realty Income', 'US7561091049', '899744', 'Real Estate', 'STOCK', CURRENT_TIMESTAMP, CURRENT_TIMESTAMP, 0),
       (37, 'Volkswagen VZ', 'DE0007664039', '766403', 'Automotive', 'STOCK', CURRENT_TIMESTAMP, CURRENT_TIMESTAMP, 0),
       (38, 'Volkswagen Stamm', 'DE0007664005', '766400', 'Automotive', 'STOCK', CURRENT_TIMESTAMP, CURRENT_TIMESTAMP, 0),
       (39, 'Volkswagen VZ ADR', 'US9286625010', 'A2NB2Z', 'Automotive', 'STOCK', CURRENT_TIMESTAMP, CURRENT_TIMESTAMP, 0),
       (40, 'Volkswagen Stamm ADR', 'US9286626000', 'A2NB2Y', 'Automotive', 'STOCK', CURRENT_TIMESTAMP, CURRENT_TIMESTAMP, 0),
       (41, 'Broadcom', 'US11135F1012', 'A2JG9Z', 'Technology', 'STOCK', CURRENT_TIMESTAMP, CURRENT_TIMESTAMP, 0),
       (42, 'Home Depot', 'US4370761029', '866953', 'Consumer Cyclical', 'STOCK', CURRENT_TIMESTAMP, CURRENT_TIMESTAMP, 0),
       (43, 'UnitedHealth', 'US91324P1021', '869561', 'Insurance', 'STOCK', CURRENT_TIMESTAMP, CURRENT_TIMESTAMP, 0),
       (44, 'WisdomTree WTI Crude Oil 2x Daily Leveraged', 'DE000A2BDEB6', 'A2BDEB', null, 'OTHER', CURRENT_TIMESTAMP, CURRENT_TIMESTAMP, 0),
       (45, 'Pembina Pipeline', 'CA7063271034', 'A1C563', 'Energy', 'STOCK', CURRENT_TIMESTAMP, CURRENT_TIMESTAMP, 0),
       (46, 'Diageo', 'GB0002374006', '851247', 'Consumer Defensive', 'STOCK', CURRENT_TIMESTAMP, CURRENT_TIMESTAMP, 0),
       (47, 'Delek Group', 'IL0010841281', '798499', 'Energy', 'STOCK', CURRENT_TIMESTAMP, CURRENT_TIMESTAMP, 0);

ALTER TABLE SECURITY ALTER COLUMN ID RESTART WITH 100;

INSERT INTO SECURITY_LOGO (ID, LOGO, CREATED_AT, UPDATED_AT)
VALUES (1, file_read('./src/main/resources/db/example-data/black.png'), CURRENT_TIMESTAMP, CURRENT_TIMESTAMP),
       (2, file_read('./src/main/resources/db/example-data/blue.png'), CURRENT_TIMESTAMP, CURRENT_TIMESTAMP),
       (3, file_read('./src/main/resources/db/example-data/gray.png'), CURRENT_TIMESTAMP, CURRENT_TIMESTAMP),
       (4, file_read('./src/main/resources/db/example-data/green.png'), CURRENT_TIMESTAMP, CURRENT_TIMESTAMP),
       (5, file_read('./src/main/resources/db/example-data/orange.png'), CURRENT_TIMESTAMP, CURRENT_TIMESTAMP),
       (6, file_read('./src/main/resources/db/example-data/red.png'), CURRENT_TIMESTAMP, CURRENT_TIMESTAMP),
       (7, file_read('./src/main/resources/db/example-data/white.png'), CURRENT_TIMESTAMP, CURRENT_TIMESTAMP),
       (8, file_read('./src/main/resources/db/example-data/yellow.png'), CURRENT_TIMESTAMP, CURRENT_TIMESTAMP),
       (9, file_read('./src/main/resources/db/example-data/black.png'), CURRENT_TIMESTAMP, CURRENT_TIMESTAMP),
       (10, file_read('./src/main/resources/db/example-data/blue.png'), CURRENT_TIMESTAMP, CURRENT_TIMESTAMP),
       (11, file_read('./src/main/resources/db/example-data/gray.png'), CURRENT_TIMESTAMP, CURRENT_TIMESTAMP),
       (12, file_read('./src/main/resources/db/example-data/green.png'), CURRENT_TIMESTAMP, CURRENT_TIMESTAMP),
       (13, file_read('./src/main/resources/db/example-data/orange.png'), CURRENT_TIMESTAMP, CURRENT_TIMESTAMP),
       (14, file_read('./src/main/resources/db/example-data/red.png'), CURRENT_TIMESTAMP, CURRENT_TIMESTAMP),
       (15, file_read('./src/main/resources/db/example-data/white.png'), CURRENT_TIMESTAMP, CURRENT_TIMESTAMP),
       (16, file_read('./src/main/resources/db/example-data/yellow.png'), CURRENT_TIMESTAMP, CURRENT_TIMESTAMP),
       (17, file_read('./src/main/resources/db/example-data/black.png'), CURRENT_TIMESTAMP, CURRENT_TIMESTAMP),
       (18, file_read('./src/main/resources/db/example-data/blue.png'), CURRENT_TIMESTAMP, CURRENT_TIMESTAMP),
       (19, file_read('./src/main/resources/db/example-data/gray.png'), CURRENT_TIMESTAMP, CURRENT_TIMESTAMP),
       (20, file_read('./src/main/resources/db/example-data/green.png'), CURRENT_TIMESTAMP, CURRENT_TIMESTAMP),
       (21, file_read('./src/main/resources/db/example-data/orange.png'), CURRENT_TIMESTAMP, CURRENT_TIMESTAMP),
       (22, file_read('./src/main/resources/db/example-data/red.png'), CURRENT_TIMESTAMP, CURRENT_TIMESTAMP),
       (23, file_read('./src/main/resources/db/example-data/white.png'), CURRENT_TIMESTAMP, CURRENT_TIMESTAMP),
       (24, file_read('./src/main/resources/db/example-data/yellow.png'), CURRENT_TIMESTAMP, CURRENT_TIMESTAMP),
       (25, file_read('./src/main/resources/db/example-data/black.png'), CURRENT_TIMESTAMP, CURRENT_TIMESTAMP),
       (26, file_read('./src/main/resources/db/example-data/blue.png'), CURRENT_TIMESTAMP, CURRENT_TIMESTAMP),
       (27, file_read('./src/main/resources/db/example-data/gray.png'), CURRENT_TIMESTAMP, CURRENT_TIMESTAMP),
       (28, file_read('./src/main/resources/db/example-data/green.png'), CURRENT_TIMESTAMP, CURRENT_TIMESTAMP),
       (29, file_read('./src/main/resources/db/example-data/orange.png'), CURRENT_TIMESTAMP, CURRENT_TIMESTAMP),
       (30, file_read('./src/main/resources/db/example-data/red.png'), CURRENT_TIMESTAMP, CURRENT_TIMESTAMP),
       (31, file_read('./src/main/resources/db/example-data/white.png'), CURRENT_TIMESTAMP, CURRENT_TIMESTAMP),
       (32, file_read('./src/main/resources/db/example-data/yellow.png'), CURRENT_TIMESTAMP, CURRENT_TIMESTAMP),
       (33, file_read('./src/main/resources/db/example-data/black.png'), CURRENT_TIMESTAMP, CURRENT_TIMESTAMP),
       (34, file_read('./src/main/resources/db/example-data/blue.png'), CURRENT_TIMESTAMP, CURRENT_TIMESTAMP),
       (35, file_read('./src/main/resources/db/example-data/gray.png'), CURRENT_TIMESTAMP, CURRENT_TIMESTAMP),
       (36, file_read('./src/main/resources/db/example-data/green.png'), CURRENT_TIMESTAMP, CURRENT_TIMESTAMP),
       (37, file_read('./src/main/resources/db/example-data/orange.png'), CURRENT_TIMESTAMP, CURRENT_TIMESTAMP),
       (38, file_read('./src/main/resources/db/example-data/red.png'), CURRENT_TIMESTAMP, CURRENT_TIMESTAMP),
       (39, file_read('./src/main/resources/db/example-data/white.png'), CURRENT_TIMESTAMP, CURRENT_TIMESTAMP),
       (40, file_read('./src/main/resources/db/example-data/yellow.png'), CURRENT_TIMESTAMP, CURRENT_TIMESTAMP),
       (41, file_read('./src/main/resources/db/example-data/black.png'), CURRENT_TIMESTAMP, CURRENT_TIMESTAMP),
       (42, file_read('./src/main/resources/db/example-data/blue.png'), CURRENT_TIMESTAMP, CURRENT_TIMESTAMP),
       (43, file_read('./src/main/resources/db/example-data/gray.png'), CURRENT_TIMESTAMP, CURRENT_TIMESTAMP),
       -- 44 left out on purpose
       (45, file_read('./src/main/resources/db/example-data/green.png'), CURRENT_TIMESTAMP, CURRENT_TIMESTAMP),
       (46, file_read('./src/main/resources/db/example-data/orange.png'), CURRENT_TIMESTAMP, CURRENT_TIMESTAMP),
       (47, file_read('./src/main/resources/db/example-data/red.png'), CURRENT_TIMESTAMP, CURRENT_TIMESTAMP);


INSERT INTO SECURITY_SYMBOL (SECURITY_ID, SYMBOL)
VALUES ((SELECT ID FROM SECURITY WHERE NAME = 'Microsoft'), 'MSFT'),
       ((SELECT ID FROM SECURITY WHERE NAME = 'Microsoft'), 'MSF.DE'),
       ((SELECT ID FROM SECURITY WHERE NAME = 'Apple'), 'AAPL'),
       ((SELECT ID FROM SECURITY WHERE NAME = 'Apple'), 'APC'),
       ((SELECT ID FROM SECURITY WHERE NAME = 'Hensoldt'), 'HAG'),
       ((SELECT ID FROM SECURITY WHERE NAME = 'Vanguard FTSE All-World High Dividend Yield UCITS DIST'), 'VNGGF'),
       ((SELECT ID FROM SECURITY WHERE NAME = 'Nvidia'), 'NVDA'),
       ((SELECT ID FROM SECURITY WHERE NAME = 'Danaher'), 'DHR'),
       ((SELECT ID FROM SECURITY WHERE NAME = 'Alphabet A'), 'GOOGL'),
       ((SELECT ID FROM SECURITY WHERE NAME = 'Alphabet C'), 'GOOG'),
       ((SELECT ID FROM SECURITY WHERE NAME = 'Thermo Fisher'), 'TMO'),
       ((SELECT ID FROM SECURITY WHERE NAME = 'Salesforce'), 'CRM'),
       ((SELECT ID FROM SECURITY WHERE NAME = 'Amazon'), 'AMZN'),
       ((SELECT ID FROM SECURITY WHERE NAME = 'S&P Global'), 'SPGI'),
       ((SELECT ID FROM SECURITY WHERE NAME = 'Adobe'), 'ADBE'),
       ((SELECT ID FROM SECURITY WHERE NAME = 'Hermès'), 'RMS'),
       ((SELECT ID FROM SECURITY WHERE NAME = 'AMD'), 'AMD'),
       ((SELECT ID FROM SECURITY WHERE NAME = 'Main Street Capital'), 'MAIN'),
       ((SELECT ID FROM SECURITY WHERE NAME = 'Equinix'), 'EQIX'),
       ((SELECT ID FROM SECURITY WHERE NAME = 'Block'), 'SQ'),
       ((SELECT ID FROM SECURITY WHERE NAME = 'Airbus'), 'AIR'),
       ((SELECT ID FROM SECURITY WHERE NAME = 'Pfizer'), 'PFE'),
       ((SELECT ID FROM SECURITY WHERE NAME = 'Qualcomm'), 'QCOM'),
       ((SELECT ID FROM SECURITY WHERE NAME = 'Pinterest'), 'PINS'),
       ((SELECT ID FROM SECURITY WHERE NAME = 'PTC'), 'PTC'),
       ((SELECT ID FROM SECURITY WHERE NAME = 'Nintendo'), '7974'),
       ((SELECT ID FROM SECURITY WHERE NAME = 'Lockheed Martin'), 'LMT'),
       ((SELECT ID FROM SECURITY WHERE NAME = 'LVMH'), 'LVMHF'),
       ((SELECT ID FROM SECURITY WHERE NAME = 'Mynaric'), 'M0YN'),
       ((SELECT ID FROM SECURITY WHERE NAME = 'American Tower'), 'AMT'),
       ((SELECT ID FROM SECURITY WHERE NAME = 'Digital Realty'), 'DLR'),
       ((SELECT ID FROM SECURITY WHERE NAME = 'Gladstone Land'), 'LAND'),
       ((SELECT ID FROM SECURITY WHERE NAME = 'LTC Properties'), 'LTC'),
       ((SELECT ID FROM SECURITY WHERE NAME = 'Omega Healthcare'), 'OHI'),
       ((SELECT ID FROM SECURITY WHERE NAME = 'Orion Office'), 'ONL'),
       ((SELECT ID FROM SECURITY WHERE NAME = 'Realty Income'), 'O'),
       ((SELECT ID FROM SECURITY WHERE NAME = 'Volkswagen VZ'), 'VOW3'),
       ((SELECT ID FROM SECURITY WHERE NAME = 'Volkswagen Stamm'), 'VOW'),
       ((SELECT ID FROM SECURITY WHERE NAME = 'Volkswagen VZ ADR'), 'VOWB'),
       ((SELECT ID FROM SECURITY WHERE NAME = 'Volkswagen Stamm ADR'), 'VOWA'),
       ((SELECT ID FROM SECURITY WHERE NAME = 'Broadcom'), 'AVGO'),
       ((SELECT ID FROM SECURITY WHERE NAME = 'Home Depot'), 'HD'),
       ((SELECT ID FROM SECURITY WHERE NAME = 'UnitedHealth'), 'UNH'),
       ((SELECT ID FROM SECURITY WHERE NAME = 'Pembina Pipeline'), 'PPL'),
       ((SELECT ID FROM SECURITY WHERE NAME = 'Diageo'), 'DGE'),
       ((SELECT ID FROM SECURITY WHERE NAME = 'Delek Group'), 'DLEKG');

INSERT INTO STOCK_SPLIT (SECURITY_ID, EX_DATE, QUANTITY_OLD, QUANTITY_NEW, CREATED_AT, UPDATED_AT)
VALUES ((SELECT ID FROM SECURITY WHERE NAME = 'Apple'), '1987-06-16', 1, 2, CURRENT_TIMESTAMP, CURRENT_TIMESTAMP),
       ((SELECT ID FROM SECURITY WHERE NAME = 'Apple'), '2000-06-21', 1, 2, CURRENT_TIMESTAMP, CURRENT_TIMESTAMP),
       ((SELECT ID FROM SECURITY WHERE NAME = 'Apple'), '2005-02-28', 1, 2, CURRENT_TIMESTAMP, CURRENT_TIMESTAMP),
       ((SELECT ID FROM SECURITY WHERE NAME = 'Apple'), '2014-06-09', 1, 7, CURRENT_TIMESTAMP, CURRENT_TIMESTAMP),
       ((SELECT ID FROM SECURITY WHERE NAME = 'Apple'), '2020-08-31', 1, 4, CURRENT_TIMESTAMP, CURRENT_TIMESTAMP),
       ((SELECT ID FROM SECURITY WHERE NAME = 'Amazon'), '1998-06-02', 1, 2, CURRENT_TIMESTAMP, CURRENT_TIMESTAMP),
       ((SELECT ID FROM SECURITY WHERE NAME = 'Amazon'), '1999-01-05', 1, 3, CURRENT_TIMESTAMP, CURRENT_TIMESTAMP),
       ((SELECT ID FROM SECURITY WHERE NAME = 'Amazon'), '1999-09-02', 1, 2, CURRENT_TIMESTAMP, CURRENT_TIMESTAMP),
       ((SELECT ID FROM SECURITY WHERE NAME = 'Amazon'), '2022-06-06', 1, 20, CURRENT_TIMESTAMP, CURRENT_TIMESTAMP),
       ((SELECT ID FROM SECURITY WHERE NAME = 'Nvidia'), '2000-06-27', 1, 2, CURRENT_TIMESTAMP, CURRENT_TIMESTAMP),
       ((SELECT ID FROM SECURITY WHERE NAME = 'Nvidia'), '2001-09-12', 1, 2, CURRENT_TIMESTAMP, CURRENT_TIMESTAMP),
       ((SELECT ID FROM SECURITY WHERE NAME = 'Nvidia'), '2006-04-07', 1, 2, CURRENT_TIMESTAMP, CURRENT_TIMESTAMP),
       ((SELECT ID FROM SECURITY WHERE NAME = 'Nvidia'), '2007-09-11', 2, 3, CURRENT_TIMESTAMP, CURRENT_TIMESTAMP),
       ((SELECT ID FROM SECURITY WHERE NAME = 'Nvidia'), '2021-07-20', 1, 4, CURRENT_TIMESTAMP, CURRENT_TIMESTAMP);

INSERT INTO DEPOT(ID, NAME, CURRENCY, CREATED_AT, UPDATED_AT, VERSION)
VALUES (1, 'My first depot', 'EUR', CURRENT_TIMESTAMP, CURRENT_TIMESTAMP, 0),
       (2, 'My other depot', 'EUR', CURRENT_TIMESTAMP, CURRENT_TIMESTAMP, 1),
       (3, 'Empty depot', 'EUR', CURRENT_TIMESTAMP, CURRENT_TIMESTAMP, 0),
       (4, 'ETF', 'EUR', CURRENT_TIMESTAMP, CURRENT_TIMESTAMP, 0),
       (5, 'USD Depot 1', 'USD', CURRENT_TIMESTAMP, CURRENT_TIMESTAMP, 0),
       (6, 'USD Depot 2', 'USD', CURRENT_TIMESTAMP, CURRENT_TIMESTAMP, 0),
       (7, 'Grouped Securities', 'EUR', CURRENT_TIMESTAMP, CURRENT_TIMESTAMP, 1),
       (8, 'Ungrouped Securities', 'EUR', CURRENT_TIMESTAMP, CURRENT_TIMESTAMP, 0),
       (9, 'Buy In Zero', 'EUR', CURRENT_TIMESTAMP, CURRENT_TIMESTAMP, 0),
       (10, 'Weekend First Transaction', 'EUR', CURRENT_TIMESTAMP, CURRENT_TIMESTAMP, 0);

ALTER TABLE DEPOT ALTER COLUMN ID RESTART WITH 108;

INSERT INTO DEPOT_LOGO (ID, LOGO, CREATED_AT, UPDATED_AT)
VALUES (1, file_read('./src/main/resources/db/example-data/blue.png'), CURRENT_TIMESTAMP, CURRENT_TIMESTAMP),
       -- 2 left out on purpose
       (3, file_read('./src/main/resources/db/example-data/orange.png'), CURRENT_TIMESTAMP, CURRENT_TIMESTAMP),
       (4, file_read('./src/main/resources/db/example-data/green.png'), CURRENT_TIMESTAMP, CURRENT_TIMESTAMP),
       (5, file_read('./src/main/resources/db/example-data/white.png'), CURRENT_TIMESTAMP, CURRENT_TIMESTAMP),
       (6, file_read('./src/main/resources/db/example-data/gray.png'), CURRENT_TIMESTAMP, CURRENT_TIMESTAMP),
       (7, file_read('./src/main/resources/db/example-data/red.png'), CURRENT_TIMESTAMP, CURRENT_TIMESTAMP),
       (8, file_read('./src/main/resources/db/example-data/white.png'), CURRENT_TIMESTAMP, CURRENT_TIMESTAMP),
       (9, file_read('./src/main/resources/db/example-data/black.png'), CURRENT_TIMESTAMP, CURRENT_TIMESTAMP);

INSERT INTO SECURITY_GROUP(ID, NAME, CREATED_AT, UPDATED_AT, VERSION)
VALUES (1, 'Volkswagen', CURRENT_TIMESTAMP, CURRENT_TIMESTAMP, 1),
       (2, 'Alphabet', CURRENT_TIMESTAMP, CURRENT_TIMESTAMP, 0);

ALTER TABLE SECURITY_GROUP ALTER COLUMN ID RESTART WITH 3;

INSERT INTO SECURITY_GROUP_SECURITY(SECURITY_GROUP_ID, SECURITY_ID)
VALUES ((SELECT ID FROM SECURITY_GROUP WHERE NAME = 'Volkswagen'), (SELECT ID FROM SECURITY WHERE NAME = 'Volkswagen VZ')),
       ((SELECT ID FROM SECURITY_GROUP WHERE NAME = 'Volkswagen'), (SELECT ID FROM SECURITY WHERE NAME = 'Volkswagen Stamm')),
       ((SELECT ID FROM SECURITY_GROUP WHERE NAME = 'Volkswagen'), (SELECT ID FROM SECURITY WHERE NAME = 'Volkswagen VZ ADR')),
       ((SELECT ID FROM SECURITY_GROUP WHERE NAME = 'Volkswagen'), (SELECT ID FROM SECURITY WHERE NAME = 'Volkswagen Stamm ADR')),
       ((SELECT ID FROM SECURITY_GROUP WHERE NAME = 'Alphabet'), (SELECT ID FROM SECURITY WHERE NAME = 'Alphabet A')),
       ((SELECT ID FROM SECURITY_GROUP WHERE NAME = 'Alphabet'), (SELECT ID FROM SECURITY WHERE NAME = 'Alphabet C'));

-- My first depot - BUY
INSERT INTO TRANSACTION(ID, DATE, TIME, DEPOT_ID, SECURITY_ID, TRANSACTION_TYPE, SECURITY_COUNT_ORIGINAL, SECURITY_COUNT_SPLIT_ADJUSTED, GROSS_VALUE, TAX, FEE, CREATED_AT, UPDATED_AT, VERSION)
VALUES  (1, '2020-07-13', '21:09:34', (SELECT ID FROM DEPOT WHERE NAME = 'My first depot'), (SELECT ID FROM SECURITY WHERE NAME = 'Amazon'), 'BUY', '1.35', '27', '3789.45', null, '10', CURRENT_TIMESTAMP, CURRENT_TIMESTAMP, 1),
        (2, '2020-09-04', '12:41:42', (SELECT ID FROM DEPOT WHERE NAME = 'My first depot'), (SELECT ID FROM SECURITY WHERE NAME = 'Nvidia'), 'BUY', '2.16', '8.64', '926.21', null, '10', CURRENT_TIMESTAMP, CURRENT_TIMESTAMP, 1),
        (5, '2020-11-10', '19:59:12', (SELECT ID FROM DEPOT WHERE NAME = 'My first depot'), (SELECT ID FROM SECURITY WHERE NAME = 'Amazon'), 'BUY', '1.35', '27', '3483.68', null, '10', CURRENT_TIMESTAMP, CURRENT_TIMESTAMP, 1),
        (6, '2020-11-16', '08:21:19', (SELECT ID FROM DEPOT WHERE NAME = 'My first depot'), (SELECT ID FROM SECURITY WHERE NAME = 'Nvidia'), 'BUY', '2.16', '8.64', '984.64', null, '10', CURRENT_TIMESTAMP, CURRENT_TIMESTAMP, 1),
        (7, '2020-12-14', '14:28:41', (SELECT ID FROM DEPOT WHERE NAME = 'My first depot'), (SELECT ID FROM SECURITY WHERE NAME = 'Hensoldt'), 'BUY', '120', null, '1707.6', null, '10', CURRENT_TIMESTAMP, CURRENT_TIMESTAMP, 0),
        (24, '2023-09-05', '14:09:20', (SELECT ID FROM DEPOT WHERE NAME = 'My first depot'), (SELECT ID FROM SECURITY WHERE NAME = 'LVMH'), 'BUY', '1.7', null, '1303.73', '3.91', '10', CURRENT_TIMESTAMP, CURRENT_TIMESTAMP, 0),
        (25, '2023-11-27', '13:26:43', (SELECT ID FROM DEPOT WHERE NAME = 'My first depot'), (SELECT ID FROM SECURITY WHERE NAME = 'LVMH'), 'BUY', '2.55', null, '1791.38', '5.37', '10', CURRENT_TIMESTAMP, CURRENT_TIMESTAMP, 0),
        (12, '2021-04-26', '16:57:56', (SELECT ID FROM DEPOT WHERE NAME = 'My first depot'), (SELECT ID FROM SECURITY WHERE NAME = 'Amazon'), 'BUY', '1.35', '27', '3737.48', null, '10', CURRENT_TIMESTAMP, CURRENT_TIMESTAMP, 1),
        (15, '2021-08-23', '14:41:49', (SELECT ID FROM DEPOT WHERE NAME = 'My first depot'), (SELECT ID FROM SECURITY WHERE NAME = 'Nvidia'), 'BUY', '12.96', null, '2332.8', null, '10', CURRENT_TIMESTAMP, CURRENT_TIMESTAMP, 0);

-- My first depot - SELL
INSERT INTO TRANSACTION(ID, DATE, TIME, DEPOT_ID, SECURITY_ID, TRANSACTION_TYPE, SECURITY_COUNT_ORIGINAL, SECURITY_COUNT_SPLIT_ADJUSTED, GROSS_VALUE, TAX, FEE, CREATED_AT, UPDATED_AT, VERSION)
VALUES  (3, '2020-11-05', '16:19:17', (SELECT ID FROM DEPOT WHERE NAME = 'My first depot'), (SELECT ID FROM SECURITY WHERE NAME = 'Nvidia'), 'SELL', '2.16', '8.64', '1040.04', '23.35', '10', CURRENT_TIMESTAMP, CURRENT_TIMESTAMP, 1),
        (4, '2020-11-09', '09:32:31', (SELECT ID FROM DEPOT WHERE NAME = 'My first depot'), (SELECT ID FROM SECURITY WHERE NAME = 'Amazon'), 'SELL', '1.35', '27', '3842.78', null, '10', CURRENT_TIMESTAMP, CURRENT_TIMESTAMP, 1),
        (11, '2021-04-13', '11:48:34', (SELECT ID FROM DEPOT WHERE NAME = 'My first depot'), (SELECT ID FROM SECURITY WHERE NAME = 'Hensoldt'), 'SELL', '120', null, '1764', '6.42', '10', CURRENT_TIMESTAMP, CURRENT_TIMESTAMP, 0);

-- My first depot - DIVIDEND
INSERT INTO TRANSACTION(ID, DATE, TIME, DEPOT_ID, SECURITY_ID, TRANSACTION_TYPE, SECURITY_COUNT_ORIGINAL, SECURITY_COUNT_SPLIT_ADJUSTED, GROSS_VALUE, TAX, FEE, CREATED_AT, UPDATED_AT, VERSION)
VALUES  (8, '2020-12-31', null, (SELECT ID FROM DEPOT WHERE NAME = 'My first depot'), (SELECT ID FROM SECURITY WHERE NAME = 'Nvidia'), 'DIVIDEND', '2.16', '8.64', '0.28', '0.07', null, CURRENT_TIMESTAMP, CURRENT_TIMESTAMP, 1),
        (10, '2021-04-06', null, (SELECT ID FROM DEPOT WHERE NAME = 'My first depot'), (SELECT ID FROM SECURITY WHERE NAME = 'Nvidia'), 'DIVIDEND', '2.16', '8.64', '0.3', '0.07', null, CURRENT_TIMESTAMP, CURRENT_TIMESTAMP, 1),
        (14, '2021-07-05', null, (SELECT ID FROM DEPOT WHERE NAME = 'My first depot'), (SELECT ID FROM SECURITY WHERE NAME = 'Nvidia'), 'DIVIDEND', '2.16', '8.64', '0.3', '0.07', null, CURRENT_TIMESTAMP, CURRENT_TIMESTAMP, 1),
        (16, '2021-09-27', null, (SELECT ID FROM DEPOT WHERE NAME = 'My first depot'), (SELECT ID FROM SECURITY WHERE NAME = 'Nvidia'), 'DIVIDEND', '21.6', null, '0.73', '0.19', null, CURRENT_TIMESTAMP, CURRENT_TIMESTAMP, 0),
        (19, '2021-12-27', null, (SELECT ID FROM DEPOT WHERE NAME = 'My first depot'), (SELECT ID FROM SECURITY WHERE NAME = 'Nvidia'), 'DIVIDEND', '21.6', null, '0.76', '0.19', null, CURRENT_TIMESTAMP, CURRENT_TIMESTAMP, 0),
        (39, '2022-03-28', null, (SELECT ID FROM DEPOT WHERE NAME = 'My first depot'), (SELECT ID FROM SECURITY WHERE NAME = 'Nvidia'), 'DIVIDEND', '21.6', null, '0.78', '0.19', null, CURRENT_TIMESTAMP, CURRENT_TIMESTAMP, 0),
        (26, '2023-12-06', null, (SELECT ID FROM DEPOT WHERE NAME = 'My first depot'), (SELECT ID FROM SECURITY WHERE NAME = 'LVMH'), 'DIVIDEND', '4.25', null, '23.38', '5.85', null, CURRENT_TIMESTAMP, CURRENT_TIMESTAMP, 0);

-- My first depot SPECIAL_DIVIDEND
INSERT INTO TRANSACTION(ID, DATE, TIME, DEPOT_ID, SECURITY_ID, TRANSACTION_TYPE, SECURITY_COUNT_ORIGINAL, SECURITY_COUNT_SPLIT_ADJUSTED, GROSS_VALUE, TAX, FEE, CREATED_AT, UPDATED_AT, VERSION)
VALUES  (31, '2023-12-06', null, (SELECT ID FROM DEPOT WHERE NAME = 'My first depot'), (SELECT ID FROM SECURITY WHERE NAME = 'LVMH'), 'SPECIAL_DIVIDEND', '4.25', null, '21.68', '5.72', null, CURRENT_TIMESTAMP, CURRENT_TIMESTAMP, 0),
        (32, '2024-01-02', null, (SELECT ID FROM DEPOT WHERE NAME = 'My first depot'), (SELECT ID FROM SECURITY WHERE NAME = 'Nvidia'), 'SPECIAL_DIVIDEND', '21.6', null, '8.64', '2.28', null, CURRENT_TIMESTAMP, CURRENT_TIMESTAMP, 0);

-- My other depot - BUY
INSERT INTO TRANSACTION(ID, DATE, TIME, DEPOT_ID, SECURITY_ID, TRANSACTION_TYPE, SECURITY_COUNT_ORIGINAL, SECURITY_COUNT_SPLIT_ADJUSTED, GROSS_VALUE, TAX, FEE, CREATED_AT, UPDATED_AT, VERSION)
VALUES  (9, '2021-03-19', '13:17:31', (SELECT ID FROM DEPOT WHERE NAME = 'My other depot'), (SELECT ID FROM SECURITY WHERE NAME = 'Hensoldt'), 'BUY', '100', null, '1269', null, null, CURRENT_TIMESTAMP, CURRENT_TIMESTAMP, 0),
        (17, '2021-09-28', '16:13:29', (SELECT ID FROM DEPOT WHERE NAME = 'My other depot'), (SELECT ID FROM SECURITY WHERE NAME = 'Nvidia'), 'BUY', '5.5', null, '984.28', null, null, CURRENT_TIMESTAMP, CURRENT_TIMESTAMP, 0),
        (20, '2022-01-19', '16:47:37', (SELECT ID FROM DEPOT WHERE NAME = 'My other depot'), (SELECT ID FROM SECURITY WHERE NAME = 'Hensoldt'), 'BUY', '150', null, '1890', null, null, CURRENT_TIMESTAMP, CURRENT_TIMESTAMP, 0);

-- My other depot - DIVIDEND
INSERT INTO TRANSACTION(ID, DATE, TIME, DEPOT_ID, SECURITY_ID, TRANSACTION_TYPE, SECURITY_COUNT_ORIGINAL, SECURITY_COUNT_SPLIT_ADJUSTED, GROSS_VALUE, TAX, FEE, CREATED_AT, UPDATED_AT, VERSION)
VALUES  (13, '2021-05-21', null, (SELECT ID FROM DEPOT WHERE NAME = 'My other depot'), (SELECT ID FROM SECURITY WHERE NAME = 'Hensoldt'), 'DIVIDEND', '100', null, '13', null, null, CURRENT_TIMESTAMP, CURRENT_TIMESTAMP, 0),
        (18, '2021-12-24', null, (SELECT ID FROM DEPOT WHERE NAME = 'My other depot'), (SELECT ID FROM SECURITY WHERE NAME = 'Nvidia'), 'DIVIDEND', '5.5', null, '0.19', '0.03', null, CURRENT_TIMESTAMP, CURRENT_TIMESTAMP, 0),
        (21, '2022-03-24', null, (SELECT ID FROM DEPOT WHERE NAME = 'My other depot'), (SELECT ID FROM SECURITY WHERE NAME = 'Nvidia'), 'DIVIDEND', '5.5', null, '0.2', '0.03', null, CURRENT_TIMESTAMP, CURRENT_TIMESTAMP, 0),
        (22, '2022-05-18', null, (SELECT ID FROM DEPOT WHERE NAME = 'My other depot'), (SELECT ID FROM SECURITY WHERE NAME = 'Hensoldt'), 'DIVIDEND', '250', null, '62.5', null, null, CURRENT_TIMESTAMP, CURRENT_TIMESTAMP, 0),
        (23, '2023-05-17', null, (SELECT ID FROM DEPOT WHERE NAME = 'My other depot'), (SELECT ID FROM SECURITY WHERE NAME = 'Hensoldt'), 'DIVIDEND', '250', null, '75', null, null, CURRENT_TIMESTAMP, CURRENT_TIMESTAMP, 0);

-- ETF - BUY
INSERT INTO TRANSACTION(ID, DATE, TIME, DEPOT_ID, SECURITY_ID, TRANSACTION_TYPE, SECURITY_COUNT_ORIGINAL, SECURITY_COUNT_SPLIT_ADJUSTED, GROSS_VALUE, TAX, FEE, CREATED_AT, UPDATED_AT, VERSION)
VALUES  (27, '2023-11-22', '12:54:05', (SELECT ID FROM DEPOT WHERE NAME = 'ETF'), (SELECT ID FROM SECURITY WHERE NAME = 'Vanguard FTSE All-World High Dividend Yield UCITS DIST'), 'BUY', '17.469', null, '949.94', null, null, CURRENT_TIMESTAMP, CURRENT_TIMESTAMP, 0),
        (28, '2023-12-22', '12:44:46', (SELECT ID FROM DEPOT WHERE NAME = 'ETF'), (SELECT ID FROM SECURITY WHERE NAME = 'Vanguard FTSE All-World High Dividend Yield UCITS DIST'), 'BUY', '16.849', null, '949.96', null, null, CURRENT_TIMESTAMP, CURRENT_TIMESTAMP, 0),
        (29, '2024-12-22', '12:36:13', (SELECT ID FROM DEPOT WHERE NAME = 'ETF'), (SELECT ID FROM SECURITY WHERE NAME = 'Vanguard FTSE All-World High Dividend Yield UCITS DIST'), 'BUY', '16.745', null, '949.92', null, null, CURRENT_TIMESTAMP, CURRENT_TIMESTAMP, 0);

-- ETF - TAX
INSERT INTO TRANSACTION(ID, DATE, TIME, DEPOT_ID, SECURITY_ID, TRANSACTION_TYPE, SECURITY_COUNT_ORIGINAL, SECURITY_COUNT_SPLIT_ADJUSTED, GROSS_VALUE, TAX, FEE, CREATED_AT, UPDATED_AT, VERSION)
VALUES  (30, '2024-01-02', null, (SELECT ID FROM DEPOT WHERE NAME = 'ETF'), (SELECT ID FROM SECURITY WHERE NAME = 'Vanguard FTSE All-World High Dividend Yield UCITS DIST'), 'TAX', '34.318', null, '7.89', null, null, CURRENT_TIMESTAMP, CURRENT_TIMESTAMP, 0);

-- USD Depot 1 - BUY
INSERT INTO TRANSACTION(ID, DATE, TIME, DEPOT_ID, SECURITY_ID, TRANSACTION_TYPE, SECURITY_COUNT_ORIGINAL, SECURITY_COUNT_SPLIT_ADJUSTED, GROSS_VALUE, TAX, FEE, CREATED_AT, UPDATED_AT, VERSION)
VALUES  (33, '2022-03-18', '16:00:58', (SELECT ID FROM DEPOT WHERE NAME = 'USD Depot 1'), (SELECT ID FROM SECURITY WHERE NAME = 'Alphabet A'), 'BUY', '9.75', null, '1327.27', null, '0.99',  CURRENT_TIMESTAMP, CURRENT_TIMESTAMP, 0),
        (34, '2022-03-25', '13:41:12', (SELECT ID FROM DEPOT WHERE NAME = 'USD Depot 1'), (SELECT ID FROM SECURITY WHERE NAME = 'Pinterest'), 'BUY', '130.5', null, '3326.45', null, '0.99', CURRENT_TIMESTAMP, CURRENT_TIMESTAMP, 0),
        (35, '2022-04-08', '15:30:56', (SELECT ID FROM DEPOT WHERE NAME = 'USD Depot 1'), (SELECT ID FROM SECURITY WHERE NAME = 'Alphabet C'), 'BUY', '19.8', null, '2639.14', null, '0.99', CURRENT_TIMESTAMP, CURRENT_TIMESTAMP, 0);

-- USD Depot 1 - SELL
INSERT INTO TRANSACTION(ID, DATE, TIME, DEPOT_ID, SECURITY_ID, TRANSACTION_TYPE, SECURITY_COUNT_ORIGINAL, SECURITY_COUNT_SPLIT_ADJUSTED, GROSS_VALUE, TAX, FEE, CREATED_AT, UPDATED_AT, VERSION)
VALUES  (36, '2023-12-21', '09:01:00', (SELECT ID FROM DEPOT WHERE NAME = 'USD Depot 1'), (SELECT ID FROM SECURITY WHERE NAME = 'Alphabet C'), 'SELL', '19.8', null, '2780.32', '32.8', '0.99', CURRENT_TIMESTAMP, CURRENT_TIMESTAMP, 0);

-- USD Depot 2 - BUY
INSERT INTO TRANSACTION(ID, DATE, TIME, DEPOT_ID, SECURITY_ID, TRANSACTION_TYPE, SECURITY_COUNT_ORIGINAL, SECURITY_COUNT_SPLIT_ADJUSTED, GROSS_VALUE, TAX, FEE, CREATED_AT, UPDATED_AT, VERSION)
VALUES  (37, '2023-02-17', '14:28:11', (SELECT ID FROM DEPOT WHERE NAME = 'USD Depot 2'), (SELECT ID FROM SECURITY WHERE NAME = 'Alphabet C'), 'BUY', '20', null, '1887', null, '0.99', CURRENT_TIMESTAMP, CURRENT_TIMESTAMP, 0),
        (38, '2023-05-04', '11:27:38', (SELECT ID FROM DEPOT WHERE NAME = 'USD Depot 2'), (SELECT ID FROM SECURITY WHERE NAME = 'AMD'), 'BUY', '86.163', null, '7462.56', null, null, CURRENT_TIMESTAMP, CURRENT_TIMESTAMP, 0);

-- Grouped Securities - BUY
INSERT INTO TRANSACTION(ID, DATE, TIME, DEPOT_ID, SECURITY_ID, TRANSACTION_TYPE, SECURITY_COUNT_ORIGINAL, SECURITY_COUNT_SPLIT_ADJUSTED, GROSS_VALUE, TAX, FEE, CREATED_AT, UPDATED_AT, VERSION)
VALUES  (101, '2020-03-13', '09:01:57', (SELECT ID FROM DEPOT WHERE NAME = 'Grouped Securities'), (SELECT ID FROM SECURITY WHERE NAME = 'Alphabet A'), 'BUY', '0.9', '18', '926.46', null, '0.99', CURRENT_TIMESTAMP, CURRENT_TIMESTAMP, 0),
        (102, '2020-04-03', '15:56:07', (SELECT ID FROM DEPOT WHERE NAME = 'Grouped Securities'), (SELECT ID FROM SECURITY WHERE NAME = 'Volkswagen VZ'), 'BUY', '19.5', null, '1928.75', null, '0.99', CURRENT_TIMESTAMP, CURRENT_TIMESTAMP, 0),
        (103, '2021-04-15', '10:17:21', (SELECT ID FROM DEPOT WHERE NAME = 'Grouped Securities'), (SELECT ID FROM SECURITY WHERE NAME = 'Volkswagen Stamm'), 'BUY', '7.5', null, '1022.25', null, '0.99', CURRENT_TIMESTAMP, CURRENT_TIMESTAMP, 0),
        (105, '2023-09-14', '13:09:46', (SELECT ID FROM DEPOT WHERE NAME = 'Grouped Securities'), (SELECT ID FROM SECURITY WHERE NAME = 'Alphabet A'), 'BUY', '9', null, '1170.45', null, '0.99', CURRENT_TIMESTAMP, CURRENT_TIMESTAMP, 0),
        (106, '2023-09-14', '11:23:27', (SELECT ID FROM DEPOT WHERE NAME = 'Grouped Securities'), (SELECT ID FROM SECURITY WHERE NAME = 'Alphabet C'), 'BUY', '12.4', null, '1624.15', null, '0.99', CURRENT_TIMESTAMP, CURRENT_TIMESTAMP, 0),
        (107, '2023-09-20', '15:35:00', (SELECT ID FROM DEPOT WHERE NAME = 'Grouped Securities'), (SELECT ID FROM SECURITY WHERE NAME = 'Alphabet A'), 'BUY', '11.866', null, '1503.14', null, '0.99', CURRENT_TIMESTAMP, CURRENT_TIMESTAMP, 0);

-- Grouped Securities - SELL
INSERT INTO TRANSACTION(ID, DATE, TIME, DEPOT_ID, SECURITY_ID, TRANSACTION_TYPE, SECURITY_COUNT_ORIGINAL, SECURITY_COUNT_SPLIT_ADJUSTED, GROSS_VALUE, TAX, FEE, CREATED_AT, UPDATED_AT, VERSION)
VALUES  (104, '2022-08-19', '21:32:00', (SELECT ID FROM DEPOT WHERE NAME = 'Grouped Securities'), (SELECT ID FROM SECURITY WHERE NAME = 'Alphabet A'), 'SELL', '18', null, '2105.64', '294.8', '0.99', CURRENT_TIMESTAMP, CURRENT_TIMESTAMP, 0);

-- Grouped Securities - DIVIDEND
INSERT INTO TRANSACTION(ID, DATE, TIME, DEPOT_ID, SECURITY_ID, TRANSACTION_TYPE, SECURITY_COUNT_ORIGINAL, SECURITY_COUNT_SPLIT_ADJUSTED, GROSS_VALUE, TAX, FEE, CREATED_AT, UPDATED_AT, VERSION)
VALUES  (110, '2020-10-05', null, (SELECT ID FROM DEPOT WHERE NAME = 'Grouped Securities'), (SELECT ID FROM SECURITY WHERE NAME = 'Volkswagen VZ'), 'DIVIDEND', '19.5', null, '94.77', '23.7', null, CURRENT_TIMESTAMP, CURRENT_TIMESTAMP, 0),
        (111, '2020-10-05', null, (SELECT ID FROM DEPOT WHERE NAME = 'Grouped Securities'), (SELECT ID FROM SECURITY WHERE NAME = 'Volkswagen Stamm'), 'DIVIDEND', '7.5', null, '36', '9', null, CURRENT_TIMESTAMP, CURRENT_TIMESTAMP, 0),
        (112, '2021-07-27', null, (SELECT ID FROM DEPOT WHERE NAME = 'Grouped Securities'), (SELECT ID FROM SECURITY WHERE NAME = 'Volkswagen VZ'), 'DIVIDEND', '19.5', null, '94.77', '23.7', null, CURRENT_TIMESTAMP, CURRENT_TIMESTAMP, 0),
        (113, '2021-07-27', null, (SELECT ID FROM DEPOT WHERE NAME = 'Grouped Securities'), (SELECT ID FROM SECURITY WHERE NAME = 'Volkswagen Stamm'), 'DIVIDEND', '7.5', null, '36', '9', null, CURRENT_TIMESTAMP, CURRENT_TIMESTAMP, 0),
        (114, '2022-05-17', null, (SELECT ID FROM DEPOT WHERE NAME = 'Grouped Securities'), (SELECT ID FROM SECURITY WHERE NAME = 'Volkswagen VZ'), 'DIVIDEND', '19.5', null, '147.42', '36.86', null, CURRENT_TIMESTAMP, CURRENT_TIMESTAMP, 0),
        (115, '2022-05-17', null, (SELECT ID FROM DEPOT WHERE NAME = 'Grouped Securities'), (SELECT ID FROM SECURITY WHERE NAME = 'Volkswagen Stamm'), 'DIVIDEND', '7.5', null, '56.25', '14.06', null, CURRENT_TIMESTAMP, CURRENT_TIMESTAMP, 0),
        (116, '2023-05-15', null, (SELECT ID FROM DEPOT WHERE NAME = 'Grouped Securities'), (SELECT ID FROM SECURITY WHERE NAME = 'Volkswagen VZ'), 'DIVIDEND', '19.5', null, '170.82', '42.71', null, CURRENT_TIMESTAMP, CURRENT_TIMESTAMP, 0),
        (117, '2023-05-15', null, (SELECT ID FROM DEPOT WHERE NAME = 'Grouped Securities'), (SELECT ID FROM SECURITY WHERE NAME = 'Volkswagen Stamm'), 'DIVIDEND', '7.5', null, '65.25', '16.31', null, CURRENT_TIMESTAMP, CURRENT_TIMESTAMP, 0);

-- Ungrouped Securities - BUY
INSERT INTO TRANSACTION(ID, DATE, TIME, DEPOT_ID, SECURITY_ID, TRANSACTION_TYPE, SECURITY_COUNT_ORIGINAL, SECURITY_COUNT_SPLIT_ADJUSTED, GROSS_VALUE, TAX, FEE, CREATED_AT, UPDATED_AT, VERSION)
VALUES  (201, '2019-12-20', '08:46:57', (SELECT ID FROM DEPOT WHERE NAME = 'Ungrouped Securities'), (SELECT ID FROM SECURITY WHERE NAME = 'Alphabet A'), 'BUY', '1.15', '23', '1408.98', null, '0.99', CURRENT_TIMESTAMP, CURRENT_TIMESTAMP, 0),
        (202, '2020-04-03', '15:56:07', (SELECT ID FROM DEPOT WHERE NAME = 'Ungrouped Securities'), (SELECT ID FROM SECURITY WHERE NAME = 'Volkswagen VZ'), 'BUY', '9', null, '890.19', null, '0.99', CURRENT_TIMESTAMP, CURRENT_TIMESTAMP, 0),
        (203, '2023-09-14', '13:09:46', (SELECT ID FROM DEPOT WHERE NAME = 'Ungrouped Securities'), (SELECT ID FROM SECURITY WHERE NAME = 'Alphabet A'), 'BUY', '11.5', null, '1495.57', null, '0.99', CURRENT_TIMESTAMP, CURRENT_TIMESTAMP, 0);

-- Ungrouped Securities - DIVIDEND
INSERT INTO TRANSACTION(ID, DATE, TIME, DEPOT_ID, SECURITY_ID, TRANSACTION_TYPE, SECURITY_COUNT_ORIGINAL, SECURITY_COUNT_SPLIT_ADJUSTED, GROSS_VALUE, TAX, FEE, CREATED_AT, UPDATED_AT, VERSION)
VALUES  (210, '2020-10-05', null, (SELECT ID FROM DEPOT WHERE NAME = 'Ungrouped Securities'), (SELECT ID FROM SECURITY WHERE NAME = 'Volkswagen VZ'), 'DIVIDEND', '9', null, '43.74', '10.94', null, CURRENT_TIMESTAMP, CURRENT_TIMESTAMP, 0),
        (212, '2021-07-27', null, (SELECT ID FROM DEPOT WHERE NAME = 'Ungrouped Securities'), (SELECT ID FROM SECURITY WHERE NAME = 'Volkswagen VZ'), 'DIVIDEND', '9', null, '43.74', '10.94', null, CURRENT_TIMESTAMP, CURRENT_TIMESTAMP, 0),
        (214, '2022-05-17', null, (SELECT ID FROM DEPOT WHERE NAME = 'Ungrouped Securities'), (SELECT ID FROM SECURITY WHERE NAME = 'Volkswagen VZ'), 'DIVIDEND', '9', null, '68.04', '17.01', null, CURRENT_TIMESTAMP, CURRENT_TIMESTAMP, 0),
        (216, '2023-05-15', null, (SELECT ID FROM DEPOT WHERE NAME = 'Ungrouped Securities'), (SELECT ID FROM SECURITY WHERE NAME = 'Volkswagen VZ'), 'DIVIDEND', '9', null, '78.84', '19.71', null, CURRENT_TIMESTAMP, CURRENT_TIMESTAMP, 0);

-- Buy In Zero - BUY
INSERT INTO TRANSACTION(ID, DATE, TIME, DEPOT_ID, SECURITY_ID, TRANSACTION_TYPE, SECURITY_COUNT_ORIGINAL, SECURITY_COUNT_SPLIT_ADJUSTED, GROSS_VALUE, TAX, FEE, CREATED_AT, UPDATED_AT, VERSION)
VALUES  (301, '2020-03-13', '09:01:57', (SELECT ID FROM DEPOT WHERE NAME = 'Buy In Zero'), (SELECT ID FROM SECURITY WHERE NAME = 'Alphabet A'), 'BUY', '2', '40', '0', null, null, CURRENT_TIMESTAMP, CURRENT_TIMESTAMP, 0);

-- Weekend First Transaction - BUY (date is a Saturday, used to test the weekend-only-history edge case)
INSERT INTO TRANSACTION(ID, DATE, TIME, DEPOT_ID, SECURITY_ID, TRANSACTION_TYPE, SECURITY_COUNT_ORIGINAL, SECURITY_COUNT_SPLIT_ADJUSTED, GROSS_VALUE, TAX, FEE, CREATED_AT, UPDATED_AT, VERSION)
VALUES  (310, '2024-06-01', '10:00:00', (SELECT ID FROM DEPOT WHERE NAME = 'Weekend First Transaction'), (SELECT ID FROM SECURITY WHERE NAME = 'Apple'), 'BUY', '1.2', null, '480', null, '10', CURRENT_TIMESTAMP, CURRENT_TIMESTAMP, 0);

ALTER TABLE TRANSACTION ALTER COLUMN ID RESTART WITH 1000;

-- Dividend Announcements: Data Sources (pre-configured)
INSERT INTO DIVIDEND_ANNOUNCEMENT_DATA_SOURCE(ID, NAME, URL_PATTERN, JSON_PATH_DATE, DATE_FORMAT, JSON_PATH_VALUE, JSON_PATH_CURRENCY, REGEX_CURRENCY, REGEX_CURRENCY_GROUP, CREATED_AT, UPDATED_AT, VERSION)
VALUES (1, 'Pre Configured Dividend API', 'https://dividend.api/pre/#id()/dividends', '$.payments[*].date', 'yyyy-MM-dd', '$.payments[*].dividendPayment', '$.currency', null, null, CURRENT_TIMESTAMP, CURRENT_TIMESTAMP, 0);

-- Dividend Announcements: Data Sources
INSERT INTO DIVIDEND_ANNOUNCEMENT_DATA_SOURCE(ID, NAME, URL_PATTERN, JSON_PATH_DATE, DATE_FORMAT, JSON_PATH_VALUE, JSON_PATH_CURRENCY, REGEX_CURRENCY, REGEX_CURRENCY_GROUP, CREATED_AT, UPDATED_AT, VERSION)
VALUES (101, 'Dividend API v1', 'https://dividend.api/v1/#id()/dividends', '$.payments[*].date', 'yyyy-MM-dd', '$.payments[*].dividendPayment', '$.currency', null, null, CURRENT_TIMESTAMP, CURRENT_TIMESTAMP, 1),
       (102, 'Dividend API v2', 'https://dividend.api/v2/#id()/dividends', '$.dividends.dates[*]', 'TIMESTAMP_SECONDS', '$.dividends.amounts[*]', '$.dividends.amounts[*]', '^\S+', null, CURRENT_TIMESTAMP, CURRENT_TIMESTAMP, 0),
       (103, 'Dividend API v3', 'https://dividend.api/v3/#id()/dividend-payments', '$.dividends.dates[*]', 'MM/dd/yyyy', '$.dividends.amounts[*]', '$.dividends.amounts[*]', '(.*)([A-Z]{2}([A-Za-z]|-?\$))$', 2, CURRENT_TIMESTAMP, CURRENT_TIMESTAMP, 0);

ALTER TABLE DIVIDEND_ANNOUNCEMENT_DATA_SOURCE ALTER COLUMN ID RESTART WITH 110;

-- Dividend Announcements: Data Source Request Headers
INSERT INTO DIVIDEND_ANNOUNCEMENT_DATA_SOURCE_REQUEST_HEADER(DATA_SOURCE_ID, HEADER_NAME, HEADER_VALUE)
VALUES (101, 'x-auth', '#mask(#base64(hello:world))'),
       (102, 'x-header-a', 'valueA'),
       (102, 'x-header-b', 'valueB');

-- Dividend Announcements: Currency Mapping
INSERT INTO DIVIDEND_ANNOUNCEMENT_DATA_SOURCE_CURRENCY_MAPPING (DATA_SOURCE_ID, CURRENCY_KEY, MAPPED_CURRENCY_CODE, MULTIPLIER)
VALUES (103, 'GBp', 'GBP', '0.01'),
       (103, 'ILA', 'ILS', '0.01'),
       (103, 'CA-$', 'CAD', null);

-- Dividend Announcements: Configs
INSERT INTO DIVIDEND_ANNOUNCEMENT_CONFIG(DATA_SOURCE_ID, SECURITY_ID,  EXTERNAL_SECURITY_ID, IS_ACTIVE, CREATED_AT, UPDATED_AT, VERSION)
VALUES (101, (SELECT ID FROM SECURITY WHERE NAME = 'Microsoft'), 'MSFT', TRUE, CURRENT_TIMESTAMP, CURRENT_TIMESTAMP, 0),
       (101, (SELECT ID FROM SECURITY WHERE NAME = 'Apple'), 'AAPL', TRUE, CURRENT_TIMESTAMP, CURRENT_TIMESTAMP, 0),
       (102, (SELECT ID FROM SECURITY WHERE NAME = 'Hensoldt'), 'DE000HAG0005', TRUE, CURRENT_TIMESTAMP, CURRENT_TIMESTAMP, 1),
       (101, (SELECT ID FROM SECURITY WHERE NAME = 'Danaher'), 'DHR', FALSE, CURRENT_TIMESTAMP, CURRENT_TIMESTAMP, 1),
       (102, (SELECT ID FROM SECURITY WHERE NAME = 'Volkswagen VZ'), 'DE0007664039', TRUE, CURRENT_TIMESTAMP, CURRENT_TIMESTAMP, 0),
       (102, (SELECT ID FROM SECURITY WHERE NAME = 'Volkswagen Stamm'), 'DE0007664005', TRUE, CURRENT_TIMESTAMP, CURRENT_TIMESTAMP, 0),
       (103, (SELECT ID FROM SECURITY WHERE NAME = 'Diageo'), 'ext-id-diageo', TRUE, CURRENT_TIMESTAMP, CURRENT_TIMESTAMP, 0);

-- Dividend Announcements
INSERT INTO DIVIDEND_ANNOUNCEMENT(ID, DATA_SOURCE_ID, SECURITY_ID, IS_NEW, PAY_DATE, AMOUNT_PER_SHARE, CURRENCY, CREATED_AT)
VALUES (1, 101, 1, FALSE, '2023-09-14', '0.68', 'USD', CURRENT_TIMESTAMP),
       (2, 101, 1, FALSE, '2023-12-14', '0.75', 'USD', CURRENT_TIMESTAMP),
       (3, 101, 1, FALSE, '2024-03-14', '0.75', 'USD', CURRENT_TIMESTAMP),
       (4, 101, 1, TRUE, '2024-06-13', '0.75', 'USD', CURRENT_TIMESTAMP),
       (5, 101, 1, TRUE, '2024-09-12', '0.75', 'USD', CURRENT_TIMESTAMP),
       (6, 102, 3, FALSE, '2024-05-22', '0.4', 'EUR', CURRENT_TIMESTAMP),
       (7, 102, 37, TRUE, '2024-06-04', '9.06', 'EUR', CURRENT_TIMESTAMP),
       (8, 102, 38, TRUE, '2024-06-04', '9', 'EUR', CURRENT_TIMESTAMP),
       (9, 103, 47, TRUE, '2024-04-21', '13.4671', 'ILS', CURRENT_TIMESTAMP);

ALTER TABLE DIVIDEND_ANNOUNCEMENT ALTER COLUMN ID RESTART WITH 100;

-- Pre-configured Security Price Data Source
INSERT INTO HISTORICAL_SECURITY_PRICE_DATA_SOURCE(ID, NAME, JSON_PATH_DATE, DATE_FORMAT, JSON_PATH_VALUE, JSON_PATH_CURRENCY, REGEX_CURRENCY, REGEX_CURRENCY_GROUP, CREATED_AT, UPDATED_AT, VERSION)
VALUES (1, 'Pre Configured API', '$.values[*].date', 'yyyy-MM-dd', '$.values[*].price', '$.values[*].currency', null, null, CURRENT_TIMESTAMP, CURRENT_TIMESTAMP, 0);

-- Historical Security Price Data Sources
INSERT INTO HISTORICAL_SECURITY_PRICE_DATA_SOURCE(ID, NAME, JSON_PATH_DATE, DATE_FORMAT, JSON_PATH_VALUE, JSON_PATH_CURRENCY, REGEX_CURRENCY, REGEX_CURRENCY_GROUP, CREATED_AT, UPDATED_AT, VERSION)
VALUES (101, 'Price API v1', '$.prices[*].date', 'yyyy-MM-dd', '$.prices[*].price', '$.currency', null, null, CURRENT_TIMESTAMP, CURRENT_TIMESTAMP, 1),
       (102, 'Price API v2', '$.chart.timeline.timestamps[*]', 'TIMESTAMP_MILLISECONDS', '$.chart.timeline.dataset.values[*]', null, '([A-Z0-9]{4})$', null, CURRENT_TIMESTAMP, CURRENT_TIMESTAMP, 0),
       (103, 'Price API v3', '$.history.dates[*]', 'TIMESTAMP_SECONDS', '$.history.values[*]', '$.history.currencies[*]', '(.*)([A-Z]{2}([A-Za-z]|-?\$))$', 2, CURRENT_TIMESTAMP, CURRENT_TIMESTAMP, 0),
       (104, 'Price API v4', '$.history.dates[*]', 'TIMESTAMP_SECONDS', '$.history.values[*]', null, '(?:\\.([A-Z0-9]+))?$', 1, CURRENT_TIMESTAMP, CURRENT_TIMESTAMP, 0);

ALTER TABLE HISTORICAL_SECURITY_PRICE_DATA_SOURCE ALTER COLUMN ID RESTART WITH 110;

-- Historical Security Price Data Sources:URLs (Timespan in Days)
INSERT INTO HISTORICAL_SECURITY_PRICE_DATA_SOURCE_URL(DATA_SOURCE_ID, TIMESPAN_IN_DAYS, URL_PATTERN)
VALUES (101, 30, 'https://stock-price.api/v1/#id()?range=30d'),
       (101, 365, 'https://stock-price.api/v1/#id()?range=1y'),
       (102, 99999, 'https://stock-price.api/v2?isin=#id()'),
       (103, 99999, 'https://stock-price.api/v3/stocks/prices?id=#id()&range=MAX'),
       (104, 99999, 'https://stock-price.api/v4/stocks/prices?id=#id()&range=MAX');

-- Historical Security Price Data Sources: Headers
INSERT INTO HISTORICAL_SECURITY_PRICE_DATA_SOURCE_REQUEST_HEADER(DATA_SOURCE_ID, HEADER_NAME, HEADER_VALUE)
VALUES (102, 'x-header-a', 'valueA'),
       (102, 'x-header-b', 'valueB'),
       (102, 'x-header-c', 'secret-#mask(#base64(hello:world))');

-- Historical Security Price Data Sources: Currency Mappings
INSERT INTO HISTORICAL_SECURITY_PRICE_DATA_SOURCE_CURRENCY_MAPPING (DATA_SOURCE_ID, CURRENCY_KEY, MAPPED_CURRENCY_CODE, MULTIPLIER)
VALUES (102, 'XNAS', 'USD', null),
       (102, 'XETR', 'EUR', null),
       (103, 'GBp', 'GBP', '0.01'),
       (103, 'ILA', 'ILS', '0.01'),
       (103, 'CA-$', 'CAD', null),
       (104, '', 'USD', null);

-- Historical Security Price Data Sources: Market Close Times
INSERT INTO HISTORICAL_SECURITY_PRICE_MARKET_CLOSE_TIME (DATA_SOURCE_ID, TIME_ZONE, TIME)
VALUES (101, 'America/New_York', '16:00:00'),
       (101, 'Europe/Berlin', '22:00:00');

-- Historical Security Price Configs
INSERT INTO HISTORICAL_SECURITY_PRICE_CONFIG (SECURITY_ID, DATA_SOURCE_ID, EXTERNAL_SECURITY_ID, IS_ACTIVE, CREATED_AT, UPDATED_AT, VERSION)
VALUES ((SELECT ID FROM SECURITY WHERE NAME = 'Amazon'), 101, 'AMZN', true, CURRENT_TIMESTAMP, CURRENT_TIMESTAMP, 0),
       ((SELECT ID FROM SECURITY WHERE NAME = 'Pinterest'), 102, 'US72352L1061.XETR', true, CURRENT_TIMESTAMP, CURRENT_TIMESTAMP, 0),
       ((SELECT ID FROM SECURITY WHERE NAME = 'Salesforce'), 103, 'CRM', false, CURRENT_TIMESTAMP, CURRENT_TIMESTAMP, 1),
       ((SELECT ID FROM SECURITY WHERE NAME = 'Main Street Capital'), 104, 'MAIN', false, CURRENT_TIMESTAMP, CURRENT_TIMESTAMP, 0);
